,store_name,store_address,store_tel
0,직영 대전농협하나로마트점,대전광역시 중구 대둔산로199번길 43,T 
1,직영 홍은사거리점,서울특별시 서대문구 통일로 484  1층(홍은동 유진상가),T 02-391-6231
2,직영 경주월드공원점,경상북도 경주시 보문로 544,T 
3,직영 원주세브란스기독병원점,강원도 원주시 일산 157-2외 27필지 원주기독병원내,T 033-731-7898
4,직영 경북대병원간이휴게소동점,"대구광역시 중구 동덕로 130 (삼덕동 2가, 경북대병원 간이휴게소동 지상)",T 
5,직영 영대병원점,대구광역시 남구 현충로 170 호흡기전문질환센터 지상 2층,T 
6,직영 고려대중앙광장점,서울특별시 성북구 안암로 145 고려대학교 중앙광장 지하1층 101호,T 02-925-6232
7,직영 연세원주장례사업소점,강원도 원주시 일산로 20  지상1층,T 
8,직영 청담역점,서울특별시 강남구 영동대로 647 청담역 푸르지오시티 1층,T 02-3448-1633
9,직영 부산수영점,부산광역시 수영구 수영동 450-9,T 051-754-6173
10,직영 한양사이버대점,서울특별시 성동구 왕십리로 222 한양사이버대학교 2관 1층,T 02-2291-6232
11,한양대에리카2호점,경기도 안산시 상록구 한양대학로 55 3층 305호,T 
12,사당역점,서울특별시 관악구 남현동 1060-4 지상1층,T 02-521-5232
13,부천워터파크점,경기도 부천시 원미구 상동 572-1 웅진플레이도시스포츠 AD103~105,T 032-328-6232
14,인천연수대동점,인천광역시 연수구 연수동 625-13,T 032-813-6232
15,양재역점,서울특별시 강남구 도곡동 953-3 1층 101호,T 02-3462-6232
16,인천부평우체국점,인천광역시 부평구 부평동 440-5 여산빌A-102,T 032-516-6232
17,인천주안점,인천광역시 남구 주안동 190-8 유경빌딩 1층  지하1층,T 032-867-5588
18,인천부평로데오점,인천광역시 부평구 부평동 153-4,T 032-522-6232
19,인천계산역점,인천광역시 계양구 계산동 928-29 1층 계산동빌딩(신세계빌딩),T 032-556-6232
20,부천역점,경기도 부천시 원미구 심곡동 382-12,T 032-663-6232
21,목동신정교점,서울특별시 양천구 신정동 296-28,T 02-2652-6237
22,대방역점,서울특별시 동작구 대방동 354-1 공군관사내 1층 101호 102호,T 02-821-6232
23,목동역점,서울특별시 양천구 신정동 900-21 1층,T 02-2699-6232
24,마포용강팰리스점,서울특별시 마포구 용강동 112-2 1층,T 02-716-6232
25,면목홈플러스점,서울특별시 중랑구 면목동 168-2 1층,T 02-433-9717
26,증미역점,서울특별시 강서구 등촌동 631 두산위브1층(101 102호),T 02-2668-0076
27,광명소하점,경기도 광명시 소하동 1345 테크노파크,T 02-2083-2835
28,인천숭의점,인천광역시 남구 숭의동 303-7 숭의교회,T 070-8231-0174
29,인천작전역점,인천광역시 계양구 작전동 422-3외 2필지 덕용프라자 106호,T 032-543-6232
30,대림점,서울특별시 영등포구 대림동 779-10,T 02-831-6232
31,영등포점,서울특별시 영등포구 영등포동3가 9-4,T 02-2631-6232
32,방화역점,서울특별시 강서구 방화동 829-5 에어뷰21,T 02-2064-0717
33,발산역점,서울특별시 강서구 등촌동 678-10 재영빌딩,T 02-3664-6232
34,등촌역점,서울특별시 강서구 등촌동 507-8 에이큐빌딩 1층 101호,T 02-2645-3262
35,원주메가박스점,강원도 원주시 서원대로 165-3301(단계동 아트스페이스빌딩3층),T 070-7577-5804
36,건대스타시티점,서울특별시 광진구 자양동 227-7 스타시티 122 123호,T 02-2024-8890
37,청량리역점,서울특별시 동대문구 전농동 591-1,T 02-960-6232
38,저동점,서울특별시 중구 저동2가 73-4 저동빌딩 1층,T 02-2263-1393
39,안산선부점,경기도 안산시 단원구 선부동 1070-18 상록타운 115,T 031-486-6232
40,구의점,서울특별시 광진구 구의동 246-18,T 02-456-6232
41,서대문역점,서울특별시 종로구 교남동 10,T 02-735-5670
42,직영 건대역사거리점,서울특별시 광진구 자양동 1-1 2층,T 02-462-6232
43,건대2호점,서울특별시 광진구 아차산로 207(화양동 1층),T 02-462-6282
44,원주단관아울렛점,강원도 원주시 단구동 1606-2,T 033-763-6232
45,송탄출장소점,경기도 평택시 서정동 847-2,T 031-611-8232
46,홍천점,강원도 홍천군 홍천읍 신장대리 65-18,T 033-434-2374
47,강릉솔올점,강원도 강릉시 교동 1867-3,T 033-655-7707
48,동두천중앙로점,경기도 동두천시 생연동 657-1,T 031-862-1212
49,수원역점,경기도 수원시 팔달구 매산로1가 11-15,T 031-241-6232
50,답십리역점,서울특별시 동대문구 답십리동 495-1 1층,T 02-2212-2556
51,대전청사점,대전광역시 서구 둔산동 923 1층 103호,T 070-4246-7779
52,충주연수점,충청북도 충주시 연수동 1512,T 043-844-6233
53,대전은행동점,대전광역시 중구 은행동 170-42외,T 042-226-6232
54,배재대점,대전광역시 서구 도마동 도마로 15-4,T 042-536-6232
55,당진터미널점,충청남도 당진시 수청동 999 지원빌딩 109  201호,T 041-356-6230
56,아산온양역점,충청남도 아산시 온천동 212-7,T 041-544-6232
57,서산이마트점,충청남도 서산시 잠홍동 459-3 이마트서산점 지하1층,T 041-681-6232
58,보령동대점,충청남도 보령시 동대동 476-41,T 041-934-6232
59,대전선사공원점,대전시 서구 월평동 261,T 042-485-6233
60,홍성오관점,충청남도 홍성군 홍성읍 오관리 266,T 041-631-6232
61,대전중촌점,대전광역시 중구 중촌동 16-10,T 042-222-6233
62,대전역점,대전광역시 동구 정동 1-1 대전역 1층,T 070-4194-9632
63,대전대흥점,대전시 중구 대흥동 206-1,T 070-7743-6232
64,군산수송점,전라북도 군산시 나운동 1539-2,T 070-4151-6234
65,군산나운점,전라북도 군산시 나운동 100-14 유앤미프라자 1층 101호,T 070-4258-6233
66,군산수송사거리점,전라북도 군산시 수송동 850-9 제1층,T 070-4221-5448
67,계룡점,충청남도 계룡시 엄사면 엄사리 174-2,T 070-7761-6232
68,충북오송프라자점,충청북도 청원군 강외면 연제리 715 오송프라자 115호-206호,T 070-4258-6232
69,군산중앙점,전라북도 군산시 중앙로2가동 12-4,T 070-4412-6232
70,공주중동점,충청남도 공주시 중동 67-3번지 1 2F,T 041-857-6232
71,청주분평점,충청북도 청주시 흥덕구 분평동 1383 103 202호,T 043-286-6232
72,대전세이백화점점,대전광역시 중구 문화동 1-60,T 042-252-6232
73,천안쌍용점,충청남도 천안시 서북구 쌍용동 392-1 외 2필지 101,T 041-577-6232
74,청주금천점,충청북도 청주시 상당구 금천동 신성로 92번길 5,T 043-293-6232
75,청주상당로데오점,충청북도 청주시 상당구 서문동 6-4 티아이에이에스티올 1층 121호~123호,T 070-4403-6232
76,청주지웰시티몰점,충청북도 청주시 흥덕구 복대동 3379 신영지웰시티 1차상업시설(229호),T 043-233-6231
77,대전유성자이점,대전광역시 유성구 봉명동 469-1,T 042-368-8300
78,광주메가박스점,광주광역시 서구 치평동 1223-3 4 3층,T 062-385-6233
79,목포평화광장점,전라남도 목포시 상동 1160-9 1  2층,T 061-283-6232
80,전북대점,전라북도 전주시 덕진구 덕진동1가 1261-4,T 070-4239-6233
81,전남도청점,전라남도 무안군 삼향면 남악리 8293 1층,T 070-4135-6232
82,광주오일팔공원점,광주광역시 서구 쌍촌동 1271-1 1층 2층,T 062-381-6233
83,광주쌍촌점,광주광역시 서구 쌍촌동 964-8 1층,T 062-385-6232
84,광주진월점,광주광역시 남구 진월동 259 2동 1층 2층,T 062-651-6232
85,광주현대웰빙랜드점,광주광역시 북구 운암동 118-14 1층,T 062-511-6232
86,광주대점,광주광역시 남구 효덕로 282  1층 2호 (진월동),T 070-4254-4232
87,광양중마동점,전라남도 광양시 중동 1755-9 1층,T 061-795-6232
88,김제검산점,전라북도 김제시 검산동 844 1층,T 063-544-6232
89,광주무등시네마점,광주광역시 동구 충장로1가 25-1 1층,T 070-8800-6232
90,천안갤러리아점,충청남도 천안시 서북구 불당동 불당16길 11-1 1층,T 041-553-6232
91,대구범물점,대구광역시 수성구 범물동 1277-7번지,T 070-8812-8174
92,대구진천점,대구광역시 달서구 진천동 620-2,T 053-643-7619
93,대구시지점,대구광역시 수성구 신매동 568-4,T 053-791-8799
94,대구서구청점,대구광역시 서구 국채보상로 225(평리동),T 053-563-1117
95,대구7호광장점,대구광역시 달서구 달구벌대로 1720(두류동),T 070-4175-0100
96,대구침산점,대구광역시 북구 고성동3가 11-1,T 053-351-2007
97,구미역사점,경상북도 구미시 원평2동 1008-1 1 3층,T 054-454-7966
98,포항이동점,경상북도 포항시 남구 대잠동 458-2,T 054-272-8228
99,포항오천점,경상북도 포항시 남구 오천읍 세계리 857-1,T 054-293-3133
100,문경시청점,경상북도 문경시 매봉2길 32(모전동),T 054-554-9788
101,보문콜로세움점,경상남도 경주시 보문로 132-16(북군동),T 054-743-7979
102,포항두호점,경상북도 포항시 북구 두호동 1097-2 101호,T  054-251-0012
103,포항북부해수욕장점,경상남도 포항시 북구 항구동 17-89 1층,T 054-254-3434
104,대구황금점,대구광역시 수성구 동대구로15길 24(두산동),T 053-766-7177
105,제주연동점,제주특별자치도 제주시 연동 283-26,T 070-4117-6232
106,진주산업대점,경상남도 진주시 칠암동 490-11,T 055-759-8253
107,울산대학교점,울산광역시 남구 무거동 628-26 1층,T 052-222-2877
108,부산재송점,부산광역시 해운대구 재송동 1044-12 1층,T 051-782-7733
109,부산연산토곡점,부산광역시 연제구 과정로 113(연산동 1층 2층),T 051-758-6232
110,부산장전동역점,부산광역시 금정구 장전동 366-36,T 070-4243-6237
111,부산조방점,부산광역시 동구 범일동 830-27,T 051-631-2924
112,김해휴앤락점,경상남도 김해시 내외중앙로 137(내동 휴앤락몰),T 070-8882-5422
113,울산성남점,울산광역시 중구 시계탑거리 27(옥교동 1 2 3층),T  052-246-6232
114,울산동구점,울산광역시 동구 명덕로 4-1(서부동),T 052 235 6232
115,부산동래역점,부산광역시 동래구 명륜로 130-3 (명륜동),T 070-4175-6232
116,다대포해수욕장점,부산광역시 사하구 다대로 684(다대동 1층),T 070-8881-6323
117,통영무전점,경상남도 통영시 무전동 1015-4,T 070-4257-6500
118,부산사직운동장점,부산광역시 동래구 사직동 89-10 1층,T 070-4252-6231
119,부산용호메트로점,부산광역시 남구 용호동 170 1층,T 070-8818-6232
120,삼천포점,경상남도 사천시 벌리동 253-8,T 070-7718-6238
121,부산남산점,부산광역시 금정구 남산동 989-14 1 2층,T 051-518-3303
122,부산문현로터리점,부산광역시 남구 문현동 405-6 1층,T 051-636-6232
123,해운대백병원점,부산광역시 해운대구 좌동 1433-3,T 051-704-6242
124,진주교대점,경상남도 진주시 진양호로 342(신안동),T 055-747-6006
125,제주노형타워점,제주특별자치도 제주시 노형로407105(노형동 노형타워),T 064-712-6232
126,진주금산점,경상남도 진주시 금산면 장사리964-2 105호(1층일부),T 055-762-6232
127,부산당감점,부산광역시 부산진구 당감동 282-84 1층,T 051-898-3000
128,대림대점,경기도 안양시 동안구 비산1동 526-7대림대학 홍지관 2층,T 
129,드와이트스쿨점,서울특별시 마포구 상암동 1582-1번지드와이트 스쿨 2층 식당,T 
130,레드덕점,서울특별시 강남구 삼성동 108-6 7층,T 
131,인천지법부천지원점,경기도 부천시 원미구 상동 445-11층 매점 내,T 
132,세브란스치과대학점 ,서울특별시 서대문구 성산로 250치과대학 2층,T 
133,수원지법안산지원점,경기도 안산시 단원구 고잔 1동1동 711,T 
134,제중관점,서울특별시 서대문구 성산로 250 연세대학교제중관 지하2층,T 
135,연세의료원종합관점,서울특별시 서대문구 신촌동 134 연세의료원 종합관 장례식장건물2층,T 
136,인천지방법원점,인천광역시 남구 학익동 278-2 인천지방법원구내식당,T 
137,연세의료원점(학생식당),서울특별시 서대문구 성산로 250 연세대학교학생회관,T 
138,인천시청점,인천광역시 남동구 간석동 413-3 대성빌딩304호전부,T 032-427-6232
139,이천(하)휴게소점,경기도 이천시 마장면 목리142,T 031-637-0987
140,부천송내역점,경기도 부천시 소사구 송내1동 708-2 1층,T 032-655-5757
141,일산대화역점,경기도 고양시 일산서구 대화동 2205 태진빌딩1층202,T 031-917-6232
142,서울대역점,서울특별시 관악구 남부순환로 1840(봉천동 계림빌딩1층 지하1층),T 02-3285-62323
143,신림본점,서울특별시 관악구 신림동 1637-23 청암엔에프빌딩,T 02-878-6231
144,서울랜드점,경기도 과천시 막계동 433 서울랜드정문앞,T 02-509-6450
145,이수태평점,서울특별시 동작구 동작대로27길 32(사당동 1층),T 02-595-7781
146,인하대후문점,인천광역시 남구 인하로77번길 8 (용현동),T 032-213-6232
147,일산그랜드백화점점,경기도 고양시 일산서구 중앙로 1436 (주엽동 그랜드백화점지하2층일부,T 031-924-6232
148,인천만수사거리점,인천광역시 남동구 만수동 956 정은프라자 102호~104호,T 032-467-5859
149,삼양사거리점,서울특별시 강북구 솔샘로 223(미아동 2층),T 02-981-6232
150,신정네거리역점,서울특별시 양천구 중앙로 259-1(신정동 1층),T 02-2693-6233
151,문정역점,서울특별시 송파구 송이로30길 13(문정동 1층),T 02-408-6232
152,동인천역점,인천광역시 중구 인현동 29-28 31,T 032-765-6232
153,마포도화점,서울특별시 마포구 도화길 27(도화동 성진빌딩1층),T 02-717-6232
154,봉천현대시장점,서울특별시 관악구 봉천동 501-4,T 02-3285-6233
155,신천역사거리점,서울특별시 송파구 잠실동 35외 5필지3-ZIUM단지내상가S동1층 101,T 02-416-6231
156,일산탄현역점,경기도 고양시 일산서구 탄현동 1563-7 예성프라자2차 1층,T 031-916-6232
157,삼육대점,경기도 남양주시 별내면 558-65 외1필지(불암로25-39),T 070-4222-6233
158,인천구월동로데오점,인천광역시 남동구 인하로507번길 22(구월동 1층102호),T 032-446-7440
159,인천서구청점,인천광역시 서구 서곶로301번길 7-1 101(심곡동 세광빌딩),T 032-563-6232
160,인천논현한화지구점,인천광역시 남동구 논현동 649-4 105 106 202 203호,T 032-423-1416
161,부천중동현대점,경기도 부천시 원미구 중동 1163-13 1층101호,T 032-326-6236
162,인천신포점,인천광역시 중구 신포동 40 1층 지하1층,T 032-765-7656
163,문막휴게소점,강원도 원주시 문막읍 동화리113,T 
164,인천청학시대상가점,인천광역시 연수구 용담로 11 (청학동 시대아파트상가지하층 101호),T 032-851-6232
165,임학역점,인천광역시 계양구 장제로 867 (임학동 101호),T 032-543-6292
166,대성리역점,경기도 가평군 청평면 경춘로 104,T 031-584-9520
167,영등포구청점,서울특별시 영등포구 당산로 138(당산동3가),T 02-2672-6232
168,가양역점,서울특별시 강서구 양천로57길 9-13102(가양동 2동휴먼빌102),T 02-3662-6232
169,김포사우점,경기도 김포시 사우동 942,T 031-998-6234
170,광명사거리역점,경기도 광명시 광명동 158-797,T 031-2688-6232
171,방이사거리점,서울특별시 송파구 송파동 48-18 1층,T 02-421-6230
172,이천(상)휴게소점,경기도 이천시 신둔면 용면리 산 83-1,T 031-632-0033
173,약수역점,서울특별시 중구 신당동 369-9 명빌딩 1층 2층,T 02-2237-6235
174,수원방죽역점,경기도 수원시 영통구 영통동 976-13 1층,T 031-206-4333
175,수원버스터미널점,경기도 수원시 권선구 권선동 1192-1 효림트윈타워102호 202호,T 031-223-4232
176,오산대점,경기도 오산시 궐동 652-3 1층,T 070-7699-7382
177,성남신구대점,경기도 성남시 중원구 금광동 3117 1층,T 031-747-6232
178,도농이마트점,경기도 남양주시 도농동 1-29 부영애시앙사랑관141호,T 031-563-6232
179,시흥대야점,경기도 시흥시 대야동 549-3 1층,T 031-314-6232
180,용인역북점,경기도 용인시 처인구 중부대로1313번길 2 (역북동 1 2층),T 031-334-2760
181,천호역점,서울특별시 강동구 성내2동 9-14 102 103,T 02-476-6232
182,산본역점,경기도 군포시 산본동 1134-2 신명빌딩제1008호1009호2006호,T 031-399-8201
183,무교동사거리점,서울특별시 종로구 서린동 128-2,T 02-732-6232
184,공릉역점,서울특별시 노원구 공릉동 386-1,T 070-4192-6231
185,상계역점,서울특별시 노원구 중계동 142-3 1층,T 070-7753-6231
186,수원장안구청점,경기도 수원시 장안구 송죽동 499-5 1층,T 031-246-6232
187,수원북문점,경기도 수원시 장안구 영화동 282-5(1층),T 031-256-6232
188,불광역점,서울특별시 은평구 불광동 281-101 1층,T 02-353-6232
189,안성공도점,경기도 안성시 공도읍 만정리817-2번지 우성메디컬 114 115 11,T 031-655-7398
190,용인터미널점,경기도 용인시 처인구 중부대로 1486용인공용버스터미널A동1층),T 031-322-8863
191,용인처인구청점,경기도 용인시 처인구 김량장동 296-53 아이렉스타워1층 106호,T 031-322-6232
192,평촌역점,경기도 안양시 동안구 관양동 1606 평촌주공공이 106,T 031-387-6232
193,성남수진역점,경기도 성남시 중원구 성남동 2126,T 031-754-6232
194,강릉안목항점,강원도 강릉시 견소동 3-1,T 070-8825-6232
195,강변역점,서울특별시 광진구 광나루로56길 34강변상가105 106 201호),T 02 - 453 -6232
196,평내호평역점,경기도 남양주시 호평동 638-1 늘봄타워111호 112호,T 031-591-6232
197,길음역점,서울특별시 성북구 정릉로 376(돈암동 BR빌딩B2),T 02-953-6232
198,화성향남점,경기도 화성시 향남읍 행정리474-5 J&H;빌딩지상1층지상2층103호,T 031-8047-0089
199,야탑중앙점,경기도 성남시 분당구 야탑동 361-1,T 031-8017-6233
200,수원정자점,경기도 수원시 장안구 정자동 876-6 103,T 031-269-6232
201,둔촌고교사거리점,서울특별시 강동구 천호대로 1200(둔촌동),T 02-473-6233
202,남양주진접지구점,경기도 남양주시 진접읍 해밀예당1로 50-47 (리첸타워101호),T 031-575-6231
203,명동점,서울특별시 중구 퇴계로 125(충무로2가),T 02-3789-6232
204,장평점,서울특별시 동대문구 장안동 365-1,T 02-2212-2745
205,서현광장점,서울특별시 분당구 서현동 269-5,T 031-706-6233
206,구리장자못공원,경기도 구리시 수택3동 876 (1 2층),T 031-568-6232
207,남한산성역점,경기도 성남시 수정구 양지동 857,T 031-731-2301
208,회기역점,서울특별시 동대문구 휘경동 264-2지상1층 107호 108호,T 070-4409-6232
209,통영아울렛점,경상남도 통영시 안개로 37 166(멀티프렉스아울렛줌점 166-167호),T 055-648-6232
210,충북증평점,충청북도 증평군 증평읍 광장로 80,T 043-836-6282
211,선산(하)휴게소점,경상북도 구미시 부곡동 65번지,T 없음
212,문산터미널점,경기도 파주시 문산읍 문향로67번길1  1 2층,T 031-952-8264
213,금촌로데오점,경기도 파주시 로데오로 44-2(금촌동 혜인1층),T 031-944-1388
214,파주운정점,경기도 파주시 와석순환로 133(동패동 형성프라자 111호),T 070-8818-7922
215,웨스턴돔B동점,경기도 고양시 일산동구 정발산로24 제아이 208호,T 031-901-3002
216,신림역점,서울특별시 관악구 신림동 1640-3번지,T 02-885-6232
217,나무정원병원점,서울특별시 ,T 
218,남대문5가점(대우재단),서울특별시 ,T 
219,나사렛국제병원,인천광역시 연수구 민우금로 98 동춘동 나사렛국제병원1층,T 032-813-1971
220,카이스트KI점,대전광역시 유성구 구성동 373-1 E4 KI 빌딩 카이스트 KI점,T 
221,울산간절곶,울산광역시 울주군 서생면 간절곶해안길 205(2층),T 052-237-6232
222,장승포점,경상남도 거제시 장승로 146-23 (장승포동),T 055-682-3010
223,충남대병원점,대전시 중구 대사동 640 충남대병원 내 1F,T 042-280-8843
224,대구수성점,대구광역시 수성구 수성동 3가 322-1,T 053-744-6588
225,성결대학교점 ,서울특별시 중구 남대문로 5가 526번지,T 
226,태안농협하나로마트점,경기도 화성시 동탄지성로 166,T 031-223-6230
227,여주(상)휴게소점,서울특별시 강남구 도곡로18길 34  1동 204호(도곡동 현대아파트),T 031-882-2900
228,이천로데오점,경기도 이천시 중리천로81번길 16 (창전동 2층),T 031-633-5555
229,목포대점,전라남도 무안군 청계면 영산로 1666 목포대 정보종합센터1층 카페베네,T 
230,정안휴게소점(해피천),충청남도 공주시 정안면 전평리 5-10번지,T 041-858-0522
231,대전송촌점,대전광역시 대덕구 송촌동 459-2,T 070-4252-6233
232,대성이엔씨점,대구광역시 중구,T 
233,익산모현점,전라북도 익산시 모현동 1가 854,T 063-856-6232
234,이마트봉담점,경기도 화성시 봉담읍 효행로 278 지하1층,T 031-225-6230
235,천안두정점,충청남도 천안시 서북구 두정동 1985 1동,T 070-4215-6232
236,동해천곡점,강원도 동해시 천곡동 한선로 61-21,T 033-532-1867
237,속초대포항점,강원도 속초시 대포동 956-5,T 033-637-8880
238,밀양점,경상남도 밀양시 남천강변로 39 (내일동),T 055-356-5835
239,나라기록관점,경기도 성남시 수정구 시흥동 231 5층,T 
240,대전우송대점,대전광역시 동구 자양동 동대전로 174-2 1층,T 042-627-6232
241,신도림TM점,서울특별시 구로구 구로동 새말로97(신도림테크노마트 1층 4호),T 02-868-9911
242,채석강바다호텔점,전라북도 부안군 변산면 채석강길 38,T 063-580-5555
243,김해어방점,경상남도 김해시 어방동 1088-7번지 1층,T 055-325-9777
244,창원시티세븐점,경상남도 창원시 의창구 원이대로 332,T 055-600-5422
245,대구용산점,대구광역시 달서구 평리로 62(용산동 932-1),T 070-4245-6231
246,인천검단사거리점,인천광역시 서구 완정로 180(마전동 동화빌딩1층),T 032-567-6437
247,대구팔공점,대구광역시 동구 팔공로 499(지묘동),T 053-983-8380
248,인천호구포역점,인천광역시 남동구 논현로 46번길 22(논현동 코아루파크 에이동),T 032-464-6232
249,연세의료원abmrc점,서울특별시 서대문구 신촌동 134번지 연세의료원 ABMRC,T 
250,상현역점,경기도 용인시 수지구 광교중앙로 314 (상현동 108 109호),T 031-215-5432
251,평촌학원가점,경기도 안양시 동안구 평촌동 922-5,T 031-383-6232
252,수원원천유원지점,경기도 수원시 영통구 월드컵로 42번길 101(원천동),T 031-214-6232
253,인천공항랜드동점,인천광역시 중구 공항로 271(2층 4-48-29),T 032-743-4200
254,인천공항랜드서점,인천광역시 중구 공항로 271(공항터미널 2층 4-20-22),T 032-743-4201
255,공주대점,충청남도 공주시 한적2길 5 (신관동 1층),T 041-852-6232
256,광주일곡점,광주광역시 북구 설죽로 516(일곡동  1층),T 062-575-6230
257,가산더블유몰점,서울특별시 금천구 디지털로 188 (가산동 W몰 지상 1층),T 02-2081-0125
258,인천공항탑승동점,인천광역시 중구 운서동 2581 인천공항여객터미널 3층 5-24-12,T 032-743-4204
259,인천공항탑승서점,인천광역시 중구 운서동 2581 인천공항여객터미널 3층 5-06-16 ,T 032-743-4205
260,인천공항여객동점,인천광역시 중구 운서동 2581 인천공항여객터미널 3층 5-92-19 ,T 032-743-4202
261,인천공항여객서점,인천광역시 중구 운서동 2581 인천공항여객터미널 3층 5-82-16 ,T 032-743-4203
262,충북진천점,충청북도 진천군 진천읍 상산로 86,T 043-537-6232
263,경산성암점,경상북도 경산시 삼성현로 168 (사정동),T 053-811-2552
264,김포감정동점,경기도 김포시 중봉로 8 (감정동 1층),T 031-984-6340
265,제주중앙병원점,제주특별자치도 제주시 월랑로 91 (이호이동),T 064-711-0807
266,천안펜타포트,충청남도 천안시 서북구 불당도 571-1 지하 2층 B,T 041-534-6232
267,구미문성못점,경상북도 구미시 고아읍 들성로 177 1동 1층,T 054-453-8012
268,양산범어점,경상남도 양산시 물금읍 화합길 37,T 055-365-6232
269,독산역점,서울특별시 금천구 가산디지털1로 1 (가산동 더루벤스밸리 109-2호),T 02-6954-4441
270,장유코아점,경상남도 김해시 장유면 장유로 230  성환프리마빌딩 101호,T 055-335-6232
271,청주봉명점,충청북도 청주시 흥덕구 덕암로 30번길 44(봉명동),T 043-263-6232
272,울산정자해변점,울산광역시 북구 동해안로 1615(산하동),T 052-291-0630
273,휘닉스파크점,강원도 평창군 봉평면 면온리 1089-5 외 15필지,T 
274,휘닉스워터파크점,강원도 평창군 봉평면 면온리 1089-5 외 15필지,T 033-330-3214
275,용인동백CGV점,경기도 용인시 기흥구 동백죽전대로 444(중동  쥬네브6004호),T 031-679-0610
276,남양주장현점,경기도 남양주시 진접읍 장현로 109 (1 2층),T 031-572-5365
277,괴산휴게소점(파인),충청북도 괴산군 장연면 오가리 103,T 없음
278,방배1동점,서울특별시 서초구 방배로 119-1 (방배동  룡은빌딩 1층),T 02-585-3403
279,대구이곡점,대구광역시 달서구 이곡공원로 24 (이곡동),T 053-593-4010
280,춘천CGV점,강원도 춘천시 석사동 885-3 넥서스프라자 1층,T 033-264-4302
281,충남금산점,충청남도 금산군 금산읍 상리 21-1,T 041-752-6233
282,신림고시촌점,서울특별시 관악구 신림로 85 (신림동 1층),T 070-4235-6232
283,충무로역점,서울특별시 중구 퇴계로 189 (필동1가  1층),T 02-2279-6232
284,공주신관점,충청남도 공주시 대학로61 (신관동),T 070-7786-6232
285,금왕(하)휴게소점,충청북도 음성군 금왕읍 용계리 산 23-27,T 없음
286,수안보호텔점,충청북도 충주시 수안보면 온천리 292,T 043-845-3500
287,금왕(평택)휴게소점,충청북도 음성군 금왕읍 용계리 산 25-6,T 없음
288,대전모다아울렛점,대전광역시 유성구 대정동 303-2,T 042-544-5006
289,부산기장점,부산광역시 기장군 기장읍 동부리 124-3 1층,T 051-721-1021
290,소래포구점,인천광역시 남동구 소래역로 20 (논현동  베스트프라자 1층 106호),T 032-423-7666
291,인천검단2지구점,인천광역시 서구 마전동 621-5,T 032-564-6232
292,서울고교사거리점,서울특별시 서초구 명달로 43(방배동 1층),T 070-7778-6630
293,구리돌다리점,경기도 구리시 경춘로 244번길 B (수택동  1층),T 031-564-6232
294,거제아주점,경상남도 거제시 아주동 아주도시개발사업지구 21블럭 9로트 1층 ,T 055-682-6232
295,대구동구시장점,대구광역시 동구 효목로 5 (효목동 1 2층),T 053-745-0019
296,수원대점,경기도 화성시 봉담읍 와우로 95  104호,T 031-225-6232
297,안성점,경기도 안성시 중앙로 402 (동본동),T 031-671-6232
298,고신의대점,부산광역시 서구 감천로 262(암남동  고신대학교 의과대학),T 051-256-6173
299,웨스턴돔점,경기도 고양시 일산동구 장항동 861,T 031-906-6232
300,잠실루터회관점,서울특별시 송파구 올림픽로 35다길 42 (신천동  루터회관 1층),T 02-6424-7232
301,청주율량신도시점,충청북도 청주시 상당구 주성로 279번길 22(주성동  1-2층),T 043-212-1157
302,거제옥포점,경상남도 거제시 옥포로 206 (옥포동  1층),T 055-687-6232
303,아산이마트트레이더스점,충청남도 아산시 배방읍 고속철대로 133 (1층),T 070-7776-6233
304,휘닉스파크스키장점,강원도 평창군 봉평면 면온리 1089-5 외 15필지,T 033-330-6346
305,대전상대점,대전시 유성구 상대동 471-6,T 010-7232-9917
306,중곡역점,서울특별시 광진구 중곡동 164-1,T 02-498-2298
307,인천검암점,인천광역시 서구 승학로 482  1층 108호 (검암동 606-7),T 032-562-4717
308,동아대점,부산광역시 사하구 낙동대로 550번길 24,T 070-4417-7942
309,세종청사복지부점(10동),세종특별시 다솜로 261 세종정부청사 내 복지부,T 
310,대구다사점,대구광역시 달성군 다사읍 대실역북로 1길 15-3,T 053-587-0620
311,대전태평점,대전광역시 중구 유천동 309-8,T 070-4413-6232
312,창동역점,서울특별시 도봉구 창동 노해로 341  101 (창동 창동신원리베르텔),T 02-908-6232
313,세종청사보훈처점(9동),세종특별시 다솜로 261 세종청부청사 내 2-1구역 보훈처 1층,T 
314,장성아치실점,전라남도 장성군 황룡면 홍길동로 271,T 061-395-6232
315,전주효자점,전라북도 전주시 완산구 홍산로 160-3,T 063-224-6232
316,속초중앙점,강원도 속초시 중앙로 150-1 (중앙동),T 033-635-5228
317,포항중앙점,경상북도 포항시 북구 불종로 54 (상원동),T 054-246-6232
318,금촌로터리점,경기도 파주시 번영로 11 (금촌동  1층),T 031-949-0533
319,충북옥천점,충청북도 옥천군 옥천읍 문정리 436-16,T 043-731-0100
320,용인구성점,경기도 용인시 기흥구 구성로 84 (언남동  1층),T 031-8005-5151
321,울산명촌점,울산광역시 북구 명촌로 59번지 (명촌동  1 2층),T 052-289-9905
322,수원팔달문점,경기도 수원시 팔달구 행궁로 71 (팔달로 3가  1층),T 031-245-1109
323,추풍령(상)휴게소점,경상북도 김천시 봉산면 광천리 737-1,T 
324,문정애이콤점,서울특별시 송파구 새말로 108  지상 1층 (문정동),T 02-407-0005
325,초읍어린이대공원점,부산광역시 부산진구 성지곡로 6 (초읍동  1 2층),T 070-8861-2627
326,대구앞산점,대구광역시 남구 현충로 27 (대명동  1 2층),T 053-655-5821
327,호텔마띠유점,전라남도 여수시 오동도로 20 (공화동),T 061-662-6232
328,천안대우타워점,충청남도 천안시 서북구 미라2길 67 (쌍용동  1층),T 041-578-6232
329,군산산북점,전라북도 군산시 부원로 129 (산북동),T 063-462-6232
330,광주화정점,광주광역시 광주시 서구 화정동 176-2,T 062-366-6232
331,제주호텔더코브점,제주특별자치도 서귀포시 예래해안로 15(하예동),T 없음
332,제주용담해안로점,제주특별자치도 제주시 서해안로 612(용담삼동),T 064-747-2402
333,울산성안점,울산광역시 중구 백양로 76(성안동  1층),T 052-245-2005
334,광주만평장례식장점,광주광역시 광산구 우산동 621-2,T 062-944-6232
335,청담영동점,서울특별시 강남구 도산대로 539 (청담동  금원빌딩),T 02-514-2747
336,여수나르샤호텔점,전라남도 여수시 학동 200-24,T 070-4178-8027
337,세종한솔점,세종특별시 노을3로 92  103 (한솔동  하나프라자 상가),T 044-868-6232
338,인천청라1호점,인천광역시 서구 청라커낼로 260번길 7-19(경서동 청라에이스프라자 10,T 032-561-4594
339,제주아라지구점,제주특별자치도 제주시 인다 10길 30 (아라일동),T 064-756-6232
340,카페베내대구딩컴점,대구광역시 북구 침산로 168(침산동),T 053-356-3336
341,석계역점,서울특별시 노원구 화랑로 325(월계동  우현빌딩 1층),T 02-919-9232
342,문래점,서울특별시 영등포구 선유로 70 101 문래동우리벤처타운2,T 02-2632-6232
343,대전만년점,대전광역시 서구 둔산대로 117번길 25,T 042-482-6231
344,부산온천장역점,부산광역시 동래구 중앙대로 1523(온천동  SK허브스카이 B2-78 79,T 051-557-2731
345,서울의료원장례식장점,서울특별시 중랑구 신내로 156 서울의료원 장례식장 내 매점,T 
346,역삼점,서울특별시 강남구 테헤란로19길 5 (역삼동 삼보빌딩 1층),T 02-552-0215
347,구미상모점,경상북도 구미시 상사사로 65 (상모동 2층),T 054-465-3777
348,양주시청점,경기도 양주시 부흥로 1533 (남방동),T 031-8082-4090
349,부천남부역점,경기도 부천시 소사구 경인로 264 (심곡본동 성원빌딩 지하1층),T 032-656-6232
350,창원팔용점,경상남도 창원시 의창구 평산로 96,T 070-7717-6111
351,수원월드컵경기장점,경기도 수원시 팔달구 월드컵로 310  1층(우만동  유윤스포츠 1층),T 031-247-4680
352,제주함덕해수욕장점,제주특별자치도 제주시 조천읍 조함해안로 526,T 064-784-6700
353,울산언양점,울산광역시 울주군 언양읍 헌양길 54 (외5필지 1층),T 052-264-1567
354,남부지원점,서울특별시 양천구 신월로 349 (신정동 1층  2층),T 02-2607-5232
355,삼송역점,경기도 고양시 덕양구 삼송로 134 (삼송동 101호),T 02-381-3117
356,보성(광양)휴게소점,전라남도 보성군 겸백면 수남리 385-3 외 33,T 070-4325-8807
357,보성(목포)휴게소점,전라남도 보성군 미력면 화방리 산 196-7 외 53,T 070-4325-8801
358,제주이도일동점,제주특별자치도 제주시 고전길 5(이도일동  극동오벨리스크3차 지하 102호),T 064-722-2186
359,광주경안점,경기도 광주시 경안동 32-1번지,T 031-766-6232
360,보령터미널점,충청남도 보령시 터미널길 18-9 (궁촌동),T 041-931-6232
361,원주씨네마점,강원도 원주시 서원대로 403 (개운동),T 033-765-6231
362,이천하이닉스점,경기도 이천시 부발읍 경충대로 2096-4,T 031-637-6232
363,해운대청사포점,부산광역시 해운대구 청사포로 137-1 (중동),T 051-704-7211
364,대구서문시장점,대구광역시 중구 큰장로 28길 34-9 (대신동),T 053-425-1793
365,여수해양공원점,전라남도 여수시 이순신광장로 180 (종화동),T 061-666-6232
366,천안신방점,충청남도 천안시 동남구 통정10로 17-1 (신방동  1층),T 041-573-8232
367,고척동양대점,서울특별시 구로구 중앙로6길 46 (고척동 (1 2 3층)),T 02-2682-6232
368,해남점,전라남도 해남군 해남읍 북부순환로 153,T 061-534-6232
369,교보타워사거리점,서울특별시 강남구 봉은사로 105 (논현동 동양빌딩지상2층),T 02-3447-6232
370,송탄신장점,경기도 평택시 쇼핑로 34 (신장동),T 031-664-0101
371,판교역점,경기도 성남시 분당구 판교역로192번길 14-2  124호(삼평동),T 031-8016-6232
372,의왕청계휴게소점,경기도 의왕시 안양판교로 476번지,T 없음
373,낙산사점,강원도 양양군 강현면 낙산사로 42,T 033-671-6232
374,광주금호점,광주광역시 서구 운천로 5(금호동),T 080-7789-6232
375,단양대명리조트점,충청북도 단양군 단양읍 삼봉로 187-17,T 043-420-8305
376,목포MBC점,전라남도 목포시 영산로 323-1(용당동),T 061-278-6234
377,블루원콘도점,경상북도 경주시 천군로 95-32(천군동),T 없음
378,암사역점,서울특별시 강동구 올림픽로 794(암사동),T 02-426-6232
379,선산(상)휴게소점,경상북도 구미시 부곡동 65,T 없음
380,기흥구청점,경기도 용인시 기흥구 구갈로 70 (구갈동 메가타운112호),T 031-282-6232
381,남성역점,서울특별시 동작구 사당로17가길 16 (사당동  1층),T 070-4131-6232
382,포항송도점,경상북도 포항시 남구 송도해안길 52-1(송도동  1-2층),T 054-231-3232
383,창녕남지점,경상남도 창녕군 남지읍 남지중앙로 105,T 055-521-1230
384,육군훈련소점,충청남도 논산시 연무읍 죽평리 76-1,T 041-740-7655
385,암사롯데캐슬점,서울특별시 강동구 고덕로 89 (암사동),T 02-2294-6533
386,수원경희대점,경기도 수원시 영통구 청명로 7 (영통동  청명타운텔 101~107호),T 031-205-3222
387,중동두산위브점,경기도 부천시 원미구 신흥로 150-1(중동  위브더스테이트),T 032-667-6232
388,김해장유점,경상남도 김해시 계동로 23번길 17 (관동동  제이파크프라자),T 055-339-9222
389,인천청라2호점,인천광역시 서구 청라에메랄드로 102번길 8-22 (연희동  미라클프라자,T 032-564-2342
390,김해공항점,부산광역시 강서구 공항진입로 108 (대저2동  김해국제공항국내선2층),T 051-971-3451
391,여주중앙점,경기도 여주시 세종로 17-1 (홍문동 1층),T 031-881-4603
392,충남서천점,충청남도 서천군 서천읍 서천로 121,T 041-951-4949
393,경주CC점,경상북도 경주시 보문로 182-98(북군동),T 없음
394,대구동호점,대구광역시 동구 금강로 10(동호동),T 070-4253-3335
395,대천해수욕장점,충청남도 보령시 머드로 118(신흑동 104호),T 041-931-6231
396,서산르셀점,충청남도 서산시 서해로 3573 (잠홍동  107 108호),T 041-666-6232
397,송도해양경찰청점,인천광역시 연수구 신송로 125번길 7 (송도동  이리옴프라자 120호),T 032-832-6232
398,시흥장곡점,경기도 시흥시 장곡로 49번길 10 (장곡동 1층),T 031-317-7148
399,목동사거리점,서울특별시 강서구 등촌로 17  1층(화곡동),T 02-2654-6232
400,고덕역점,서울특별시 강동구 동남로 73길 31(명일동 1층),T 02-3426-6242
401,천안차암점,충청남도 천안시 서북구 3공단6로 58-5,T 041-523-6232
402,울산대공원점,울산광역시 남구 대공원입구로 2 (옥동  1층),T  052-266-6232
403,청통(상)휴게소점,경상북도 영천시 청통면 청통로 334-42,T 054-337-5009
404,와촌(하)휴게소점,경상북도 경산시 와촌면 강학길 103 (외 16필지),T 053-853-1002
405,전대병원점,광주광역시 동구 제봉로 50(남동),T 062-233-0307
406,한화리조트경주점,경상북도 경주시 보문로 182-27(북군동),T 없음
407,충북금왕점,충청북도 음성군 금왕읍 무극리 244-29,T 070-4409-6233
408,사당메트로점,서울특별시 서초구 방배천로2길 2 ( 방배동 1 2층 ),T 02-3487-6888
409,운서역점,인천광역시 중구 영동대로 118 (운서동  뉴에어포트1층 105호106호),T 032-746-2661
410,천안신부점,충청남도 천안시 동남구 먹거리11길 48(신부동),T 041-566-6232
411,천안아산역점,충청남도 아산시 배방읍 희망로 100 천안아산역사 내,T 070-8829-9632
412,남춘천역점,강원도 춘천시 우묵길 26 (퇴계동  1 2층),T 033-251-1012
413,울산태화점,울산광역시 중구 신기길 116-1  2층(태화동),T  070-7781-6232
414,대전도룡점,대전광역시 유성구 대덕대로 610,T 042-863-6232
415,평택소사벌점,경기도 평택시 만세로 1845-8 (비전동  1층),T 031-655-2397
416,청주산남점,충청북도 청주시 서원구 산남로 45 (산남동 1 2층),T 043-292-6232
417,삼송하나로마트점,경기도 고양시 덕양구 동송로20 (동산동 농협삼송유통센타1층),T 02-381-2185
418,경희대점,서울특별시 동대문구 회기로 166 (회기동  지하1층~지하2층),T 02-965-6232
419,김해공항1층점,부산광역시 강서구 공항진입로 108 (대저2동  국내선1층),T 051-941-8626
420,포항CGV점,경상북도 포항시 남구 중흥로 77(상도동  밸류플러스 6층 6048),T 054-273-8868
421,의정부민락점,경기도 의정부시 용현로 105번길 7-16 (민락동.101 102호),T 031-848-6263
422,구미봉곡점,경상북도 구미시 봉곡로 166(봉곡동  트윈스빌딩 1층),T 054-454-0933
423,원주무실점,강원도 원주시 무실동 1734-4번지,T 033-744-9896
424,무주리조트하이디점,전라북도 무주군 설천면 만선로 185,T 없음
425,무주리조트설촌봉점,전라북도 무주군 설천면 만선로 185,T 없음
426,무주리조트만선점,전라북도 무주군 설천면 만선로 185,T 없음
427,구미금오산점,경상북도 구미시 금오산로 184 (남통동),T 054-455-5487
428,명일역점,서울특별시 강동구 상암로27길 90,T 02-481-6232
429,알펜시아점,강원도 평창군 대관령면 솔봉로 325,T 033-339-0631
430,인천논현역점,인천광역시 남동구 논고개로123번길 35,T 032-815-6232
431,동자희망나눔센터점(특수),서울특별시 용산구 후암로57길 35-15  1층,T 02-3789-5119
432,광양터미널점,전라남도 광양시 광양읍 순광로 688,T 061-762-8802
433,중계역점,서울특별시 노원구 동일로 지하 1308-1,T 02-949-8015
434,부산학장점,부산광역시 사상구 학장동 산 149-21번지,T 051-324-7778
435,경주주상절리점,경상남도 경주시 양남면 동해안로 486,T 054-743-3780
436,충남도청점,충청남도 홍성군 홍북면 충남대로 24  207,T 041-631-3265
437,안양역사점,경기도 안양시 만안구 만안로 224,T 031-465-6232
438,충주(하)휴게소점,충청북도 충주시 중앙탑면 중부내륙고속도로 231,T 없음
439,진도점,전라남도 진도군 진도읍 남문길 4,T 061-544-6232
440,울산우정혁신도시점,울산광역시 복산동 278-11,T 052-282-5959
441,성대점,서울특별시 종로구 창경궁로 227(명륜4가  1층),T 02-744-2011
442,구미옥계점,경상북도 구미시 산호대로 29길 9  102(옥계동  경복프라자),T 054-474-4110
443,대구보건대점,대구광역시 북구 칠곡중앙대로 69길 11 (태전동),T 053-312-2487
444,춘천팔호광장점,강원도 춘천시 춘천로 188,T 033-255-6232
445,인천가좌점,인천광역시 서구 원적로 79-1 (가좌동1층 2층),T 032-584-8422
446,광주동림2지구점,광주광역시 서구 하남대로 656 (동천동 587),T 070-4411-6232
447,제주협재해수욕장점,제주특별자치도 제주시 한림읍 한림로 399 1층,T 064-796-8126
448,광주유스퀘어점,광주광역시 서구 무진대로 904(광천동 유스퀘어내1층),T 062-352-6232
449,거여역점,서울특별시 송파구 오금로 513 101 (거여동 위례빌딩),T 02-449-6232
450,홍천강휴게소점,강원도 홍천군 북방면 소매곡리 294,T 033-435-1201
451,서정리역점,경기도 평택시 정암로 2 (서정동 외1필지),T 031-664-8400
452,구리녹색병원점,경기도 구리시 동구릉로 56 (인창동 1층),T 031-569-6232
453,수원천천점,경기도 수원시 천천동 528-1,T 031-271-6231
454,굽은다리역점,서울특별시 강동구 양재대로 1566(명일동  죽애빌딩 1층),T 02-3426-6232
455,춘천온의점,강원도 춘천시 방송길 98 (온의동),T 033-241-6260
456,서산동문점,충청남도 서산시 한마음 12로 16,T 041-668-6232
457,대구장기점,대구광역시 달서구 장기로 276,T 053-568-1120
458,대전엑스포코아점,대전광역시 유성구 엑스포로 488  1동 131호,T 070-4230-6231
459,운천터미널점,경기도 포천시 영북면 운천로9번길 5  1층,T 031-534-4580
460,은평한옥마을점,서울특별시 은평구 진관길 10 (진관동),T 02-352-1900
461,경주노동아카데미점,경상남도 경주시 노동동 73-2  1층,T 054-745-1915
462,함평무안(하)휴게소점,전라남도 함평군 서해안고속도로 31,T 061-324-8858
463,일산라페스타점,경기도 고양시 일산동구 중앙로 1275번길 60-14,T 031-905-6232
464,포항효자점,경상북도 포항시 남구 효자동길 1번길 6(효자동  1층),T 054-283-0037
465,서울대병원(가든뷰)점,서울특별시 종로구 대학로 101 서울대학교병원 의생명연구원 11층 카페베네,T 
466,직영 수내역점,경기도 성남시 분당구 수내로 46번길 33,T 031-715-6232
467,강원대학교병원점,강원도 춘천시 백령로 156(효자동),T 033-242-1012
468,제주외도점,제주특별자치도 제주시 우정로 55  1~2층(외도일동),T 064-742-6232
469,강릉경포대점,강원도 강릉시 창해로 419(강문동),T 033-644-1659
470,알펜시아오션700점,강원도 평창군 대관령면 용산리 170-2 ,T 
471,한국지질자원연구원점,대전광역시 유성구 과학로 124  지상 1층,T 
472,군산시청점,전라북도 군산시 조촌로 44(조촌동),T 063-451-0288
473,단대오거리점,경기도 성남시 중원구 광명로289,T 031-749-6232
474,시흥정왕점,경기도 시흥시 중심상가4길 10-1 1층(정왕동),T 031-484-6232
475,방배카페골목점,서울특별시 서초구 방배중앙로 191  1층 제라호,T 02-536-7232
476,별내역점,경기도 남양주시 순화궁로 116 (별내동 127호 214호),T 031-575-3346
477,광주하나로마트점,광주광역시 광산구 임바울대로 261,T 062-956-9691
478,인천만수시장점,인천광역시 남동구 만수서로 74 1층 ,T 032-463-2925
479,금호점,서울특별시 성동구 독서당로 290-1  나동  1 2 3층(금호동4가),T 02-2297-6232
480,청원교원대점,충청북도 청원군 강내면 태성탑연로 448-4,T 043-239-6232
481,부산민락점,부산광역시 수영구 수영로 769  2층(수영동),T 051-752-8515
482,강원양구점,강원도 양구군 양구읍 양록길 73,T 033-481-8383
483,목감휴게소점,경기도 시흥시 목감1길 47,T 
484,울산신복로터리점,울산광역시 남구 무거동 327-21,T  052-277-3334
485,부산주례점,부산광역시 사상구 가야대로 298  1층(주례동),T 051-315-6294
486,까치산역점,서울특별시 강서구 강서로 60-1 지상 1~2층,T 02-2601-4885
487,인천선학역점,인천광역시 연수구 학나래로 118번길 37 1층,T 032-815-0067
488,비스포레센터점,서울특별시 은평구 통일로 78길 7 1층 (불광동),T 02-354-8824
489,화곡중앙점,서울특별시 강서구 화곡로 228,T 02-2607-6232
490,진주평거점,경상남도 진주시 신평공원길 41  1층,T 055-745-6236
491,인천주안역점,인천광역시 남구 주안동 231번지,T 032-875-6235
492,진해용원점,경상남도 창원시 진해구 용원로 23,T 055-543-0074
493,중곡점,서울특별시 광진구 면목로 163 1층 (중곡동),T 02-499-6232
494,원주치악행구점,강원도 원주시 행구로 148(행구동),T 033-733-6232
495,전주아중리점,전라북도 전주시 덕진구 정언신로 182,T 063-245-6232
496,광주용봉점,광주광역시 북구 용봉택지로 94  1층 2층(용봉동),T 062-514-6232
497,대전만인산점,대전광역시 동구 산내로 190 1층(하소동),T 042-285-6232
498,용인상현파크점,경기도 용인시 수지구 상현로 126 107호 203호,T 031-896-9969
499,울산세이브존점,울산광역시 남구 삼산동 1497-1,T 052-257-6232
500,안동정하점,경상북도 안동시 강남5길 5. 108 204호(정하동),T 054-841-9111
501,장안점,서울특별시 동대문구 천호대로 375  1층 (장안동),T 02-2245-9909
502,목포하당점,전라남도 목포시 교육로 77,T 061-287-7232
503,거제축협점,경상남도 거제시 거제중앙로 1726 1층(거제축산농협),T 055-633-7509
504,송도해수욕장점,부산광역시 서구 암남공원로39 송도 풍림아이원 1층,T 051-231-9330
505,익산부송점,전라북도 익산시 무왕로 1171  1층,T 063-832-6232
506,경기의료원점,경기도 의정부시 흥선로 142  1층,T 
507,전남무안점,전라남도 무안군 무안읍 창포로 13-20,T 061-453-6232
508,낙성대역점,서울특별시 관악구 봉천로 569 1 2층 (봉천동),T 02-876-6232
509,구미형곡점,경상북도 구미시 형곡동 854,T 054-444-2682
510,충북허브시티점,충청북도 영동군 영동읍 계산로 45,T 043-742-8859
511,상도점,서울특별시 동작구 상도로30길39 120동 1층 108-1호 (상도동),T 02-822-0155
512,25사단복지관점,경기도 양주시 남면 개나리1길 45 ,T 031-959-5047
513,별내메이호텔점,경기도 남양주시 별내2로 70  1층 101호 (별내동),T 031-571-5002
514,대전가장점,대전광역시 서구 가장로 77,T 042-522-8788
515,제주엠스테이호텔점,제주특별자치도 서귀포시 서귀동 89-5,T 없음
516,강북구청점,서울특별시 강북구 도봉로 358  1층 101호,T 02-902-7232
517,동해효가점,강원도 동해시 효자남길 28  1 2층(동회동),T 033-522-1867
518,전주인후동점,전라북도 전주시 덕진구 건산로 223,T 063-241-6232
519,경주동국대점,경상북도 경주시 한빛길 6번길 43,T 054-746-0073
520,미아사거리역점,서울특별시 강북구 도봉로 67  1층 (미아동),T 02-987-3900
521,의정부동부점,경기도 의정부시 천보로 56  해동2타워 101호,T 031-852-1135
522,울산동천강점,울산광역시 중구 외솔큰길 196  2층,T 052-292-9040
523,원주시청점,강원도 원주시 시청로36  지1층 B105호(무실동 시티타워),T 033-731-5131
524,부산명륜아이파크점,부산광역시 동래구 명륜동 10-2,T 051-552-6770
525,양산덕계평산점,경상남도 양산시 웅상대로 883 2층(덕계동),T 055-382-5599
526,부산남포동점,부산광역시 중구 비프광장로 19  1층 2층 (부평동 1가),T 없음
527,순천용당점,전라남도 순천시 삼산로 89 1층,T 061-753-6232
528,당진문예의전당점,충청남도 당진시 시청1로 86 (읍내동),T 041-356-6232
529,청주터미널점,충청북도 청주시 흥덕구 풍년로 144. 1층(가경동),T 없음
530,태종대점,부산광역시 영도구 태종로 744 1층 (동삼동),T 051-633-9330
531,대구동성로점,대구광역시 중구 동성로 5길 53(삼덕동 1가  지상 2  3층),T 053-421-1970
532,울진읍내리점,경상북도 울진군 울진읍 울진중앙로 110,T 054-782-6232
533,전남강진점,전라남도 강진군 강진읍 보은로3길 40,T 061-434-6233
534,천안직산점,충청남도 천안시 서북구 직산읍 삼은3길 20  2층,T 041-582-6232
535,청주오창호수공원점,충청북도 청주시 청원구 오창읍 과학산업2호 379,T 070-4245-6232
536,군산은파호수점,전라북도 군산시 동지곡길 177-4(지곡동),T 070-8899-6232
537,부산교대점,부산광역시 동래구 수안동 55-1번지,T 051-558-5886
538,서산(하)휴게소점,충청남도 서산시 해미면 서해안고속도로 241,T 없음
539,전주혁신도시점,전라북도 전주시 완산구 오공로 43-13,T 063-237-2264
540,경남거창점,경상남도 거창군 거창읍 공수들4길 41,T 055-3263-2668
541,부산남천점,부산광역시 수영구 남천동로 36 107 205호,T 051-626-7789
542,거제수양점,경상남도 거제시 수양로 498(양정동  1층 / 937-6번지),T 055-632-1717
543,김해진영아울렛점,경상남도 김해시 진영읍 진산대로 229-1 2층,T 055-343-3423
544,울산대왕암공원점,울산광역시 동구 등대로 99  A동 4호,T 052-233-0525
545,창원메트로시티점,경상남도 창원시 마산회원구 삼호로80  1층 131호,T 055-297-9010
546,안산선부롯데점,경기도 안산시 단원구 달미로 64 1층 102호,T 031-411-5040
547,백령도점,인천광역시 옹진군 백령면 백령로 236,T 032-836-6900
548,사가정역점,서울특별시 중랑구 면목동 496-17,T 02-493-6232
549,인천계산점,인천광역시 계양구 계산새로 71 D동 1층 120 121호,T 032-551-6232
550,경남사천점,경상남도 사천시 사천읍 읍내1길 46,T 없음
551,광주수완1호점,광주광역시 광산구 임방울대로 327  1 2층(수완동),T 062-952-6232
552,서귀포의료원점,제주특별자치도 서귀포시 장수로 47  1층(동홍동),T 070-8900-0165
553,제주신비점,제주특별자치도 제주시 1100로 2894-49  1층(노형동),T 없음
554,화양삼거리점,서울특별시 광진구 군자로 76  1층(군자동),T 02-465-9840
555,대전한남대점,대전광역시 동구 한남로 13,T 042-673-6232
556,순천향병원본관점,충청남도 천안시 동남구 순천향6길 31  1동,T 없음
557,순천향병원외래관점,충청남도 천안시 동남구 순천향6길 31  1동,T 없음
558,강릉휴게소점,강원도 강릉시 영동고속도로 232,T 033-648-8850
559,순천만점,전라남도 순천시 순천만길 522(대대동),T 061-727-6232
560,서남병원점,서울특별시 양천구 신정이펜1로 20(신정동  지상1층),T 02-6731-1705
561,울산남구청점,울산광역시 남구 달동 1327-5,T  052-267-1736
562,영천시청점,경상북도 영천시 시청로 15(문외동),T 054-333-0661
563,천안성정점,충청남도 천안시 서북구 쌍용대로 288  1층 5 6호(성정동),T 041-592-6232
564,경산오거리점,경상북도 경산시 중앙로 91(중방동 2층),T 053-818-6636
565,공군10전투비행단점,경기도 수원시 권선구 세류동 1039,T 
566,동학사점,충청남도 공주시 반포면 동학사1로 264,T 
567,거제학동점,경상남도 거제시 동부면 학동7길 2,T 055-635-2234
568,남원춘향점,전라북도 남원시 어현동 37-64,T 
569,장유율하점,경상남도 김해시 장유면관동리 1101-1,T 070-7354-8953
570,성산일출봉점,제주특별자치도 서귀포시 성산읍 일출로 284-12,T 064-748-6232
571,성남신흥점,경기도 성남시 수정구 신흥동 2475,T 031-734-6232
572,대구아카데미점,대구광역시 중구 동성로2가 91-1,T 070-7720-6232
573,여의도KBS별관점,서울특별시 영등포구 여의도동 46-1,T 02-403-6232
574,아산음봉레이크시티점,충청남도 아산시 음봉면 음봉로 515-46  1층 107호,T 041-544-7727
575,나주대호점,전라남도 나주시 대호길 89-1(대호동),T 061-333-6232
576,안산중앙점,경기도 안산시 단원구 고잔동 534-3,T 031-484-4006
577,동강휴게소1호점,강원도 영월군 남면 강원남로 641,T 
578,동강휴게소2호점,강원도 영월군 남면 강원남로 641,T 
579,인천구월CGV점,인천광역시 남동구 구월동 1130 씨엔씨쇼핑몰1층,T 070-4150 4544
580,창원대학점,경상남도 창원시 의창구 용지로 293번길 (사림동 우영프라자108호),T 055-286-6232
581,구호전장례식장점,광주광역시 북구 독립로 409,T 
582,부산부암메리움점,부산광역시 부산진구 신천대로 246(부암동 메리움아파트상가 1 3층),T 051-801-1025
583,세종프리미엄아울렛점,세종특별자치시 장군면 소미길 17-11  1층 105호,T 
584,학동역점,서울특별시 강남구 논현로 660  406 (논현동),T 02-514-8246
585,전곡터미널점,경기도 연천군 전곡읍 온골로 59-1 (1층),T 031-833-0055
586,동백역점,경기도 용인시 기흥구 동백중앙로 199 (중동 동백에이스프라자 207호,T 031-281-1922
587,청주용암점,충청북도 청주시 상당구 월평로 184번길 78,T 070-4154-2350
588,양주덕정점,경기도 양주시 회정로 107 (덕정동),T 031-858-7144
589,경북왜관점,경상북도 칠곡군 왜관읍 중앙로 108,T 054-977-2065
590,강동구청점,서울특별시 강동구 성내동 552 1층,T 02-478-6232
591,부여점,충청남도 부여군 부여읍 나루터로 29,T 041-837-6640
592,군산(상)휴게소점,전라북도 군산시 나포면 서해안고속도로 148,T 
593,천안병천점 ,"충청남도 천안시 동남구 병천면 아우내순대길 43,1층",T 041-571-5278
594,예산휴게소점,충청남도 예산군 신양면 당진영덕고속도로 34,T 
595,일산킨텍스점,경기 고양시 일산서구 대화동 2600 킨텍스 제1관 1층,T 
596,제주밸류호텔점,제주특별자치도 서귀포시 김정문화로 51  1층(법환동제이에스호텔),T 064-802-3024
597,목포북항점,"전라남도 목포시 청호로 219번길 34-15 씨푸드타운C동 101동 1,  2층",T 061-272-6232
598,75사단철마부대회관점,경기도 남양주시 진접읍 팔야리 760-6,T 
599,전남영암점,전라남도 영암군 영암읍 중앙로36 교보생명 1층,T 061)471-2226
600,대구신월성점,"대구광역시 달서구 조암로 32, 2층 202호(월성동, 외 1필지 신월성 에코시티상가)",T  053-639-0770
601,여수만성리해수욕장점,전라남도 여수시 망양로 192(만흥동),T 061-654-4888
602,25사단감악산회관점,경기도 양주시 남면 개나리1길 45(사서함95-1호),T 
603,선릉점,"서울특별시 강남구 선릉로 86길 31, 1층 104호(대치동, 롯데골드로즈2)",T 02-554-1459
604,카페베네경산감못점,경상북도 경산시 압량면 신대리 130-1,T 053-801-9123
605,제주봄그리고가을리조트점,제주특별자치도 서귀포시 성산읍 해맞이해안로 2660,T 
606,고대안암장례식장점,"서울특별시 성북구 안암로 145(안암동5가, 안암장례식장, 지상2층)",T 02-6319-7200
607,원주법원점,"강원도 원주시 무실동 1848-1, 101~102호",T 033-735-6770
608,종로평창점,서울특별시 종로구  평창동 153-3 아너스벨리 102 12호,T 
609,덕소역점,경기도 남양주시 와부읍 덕소로 72(덕소한강벽산메가트리움11),T 031-521-3732
610,광양이순신대교점,전라남도 광양시 항만13로 30(중동),T 061-795-4882
611,전북대뉴실크로드점,"전라북도 전주시 덕진구 백제대로 567, 4층(금암동, 뉴실크로드센터)",T 
612,천안청수점,"충청남도 천안시 동남구 청수14로 60, 1층2층 (청당동, 서미법조타워)",T 041-552-6232
